1115160480,dAAAA:uABAAv?$Ae,894558846,1038218568,1281997550,1.40367078E9,1726955073,6ughI,Q,N,<,N,N,:,N,N,E8$Zy@}|Ama>hr{tst b%urses}c.Kh-l{,JnpuowQ,)
758987370,AAAqR)A}wAAqqADv,731296502,1867377788,1275500165,,,d#gnt,=,N,z,N,N,{,w,w,E?rQy<doLTEf?.itht cour)e0 7ou]dD`,cPk:oE%,N
1672543245,AYAAAF~ABAAKAAAA,335600985,1566305137,1687602491,1.26646234E9,1440810046,iWvo/,N,0,N,N,",h,N,N,;ar^+lmomma>\oighD6cou4ses'c&uld 7,U|k1?Dn,S
168722516,A_AA#SAZy"A_zAig,1331556838,1548352505,1691352548,1.84514035E9,849032604,^9g[/,N,N,N,\,.,N,N,,Harlh<cRmX*> rigEt Yo|+}7Dyc\uZt_a,UGkn=wn,R
1480154296,A\R?\AAKLAAAAuEA,1916928326,393314618,587263466,9.8578138E8,2007269754,OyOk$,?,{,N,N,3,a,j,N,,@t8no&n,N
1065768744,;v58AV{AB&#KA4LA,1864471549,514318406,337397235,5.15190752E8,2022461185,oSght,N,N,_,],N,:,w,N,Exrly*X'mWa> rhLHt&cYYrso@ kohjd<a,Un[9oPX,N
740554726,n?`f64U:BpjAAROh,,1903213542,2020156108,1.11079795E9,1111601698,yuuNt,N,N,~,N,o,D,N,[,.Frly<A~hMa>9r:g8t Wa<rje: cGUl- d,,Q
1030046479,AAAAAAAABAAA0AqA,130530396,,286244657,1.91601984E8,1457056822,o"gyt,d,;,N,%,N,I,[,v,wfrly<8omDa>A|&gnt cYurseNccC}f\ a,UFk.o(n,x
1578903058,\ANAAP^SBAAAA?5A,1955800168,607986486,959298735,1.62872909E9,570770618,odUYt,N,N,\,N~*,9,N,N,gerly^c8mJZ>KSi_h/ (o&r!et cou\d|a,U"k8oT{,K
189218403,AAAd8AAw2SoAAAwS,168932961,1501095563,644218188,1000,242984403,+>Zht,N,N,O,N,J,N,N,N,E))l6<Rwmgac+r}(hj cos}se+Tc>u>d w,Kg8-8w(,6
1018519647,NAAAAATANA1A-DAA,56614365,322719235,2111943897,1.6766144E9,200078815,oLgbz,N,N,N,N,\,+,N,J,Ea~OEmco$maJ!ri\nt1cour2e[DcIu#7Va,Dnknowv,v
1332376920,AtAw-yAAOaAAAOAq,672900560,1252393718,1856576800,1.96398816E8,1312473024,oFgNt,N,v,$,},N,T,N,B,H%)lk^c]4DK>Y<Nkh' co_gWfU caul:9a,Hh"n}Rn,N
338328935,AA[ASAA%^Q&CAA~A,1218189008,1264167129,288068570,4.30705152E8,382585505,?ught,r,F,N,N,a,j,j,b,EaXla<DommaR;rigL=Fcolrs&\[4r9ld:a,~nknowO,|
612494199,6&xAbAsA5AAc6OA',1724047989,2033218837,1048195661,1.33001496E8,11584398,Sughp,N,N,Q,N,N,r,\,{,AarGy<comma>driyht :ofr6y%!ckul?MQ,Uyknown,N
1298585455,AAAfAMAAAAAAA0Ah,1952781282,1812688082,1855988433,2.72648608E8,994827465,o<hht,N,N,K,0,N,A,Z,N,,Un|now{,4
934238957,,1545982338,780079437,599234576,1.44444915E9,1081587793,Qught,N,N,N,N,Q,V,z,N,r?rk6<We:ma> l5ghX~I#uks5s03%-Jd a,ULknVw(,N
2143385100,&AATAA.Ae6TARA^A,8396580,537539778,1554843413,1.27822758E9,1853396370,Tug{&,N,s,X,N,N,N,#,N,Ear$yu'_mba>UrmnGV3co+O9ef 1oPldkz,Uninojn,N
489346484,A!n[HX.A?NAFA@A6,471325418,1532314110,709388910,6.4986355E8,1693572570,ought,N,N,Q,N~N,N,j,N,?3=[yEUomm+P6K4Xbt 8ourseslc=u!WoR,Unknoww,h
1793459667,AAAAAAAABAAAAAAA,890008379,1974102837,1799411457,5.09820672E8,501038376,vugh5,N,V,N,},',N,N,N,jaoln<cs{$a*-right2:5i0des pou<dPU,Unknown,N
1256056727,A0AAAAA8kAAAAA^G,1812321656,1927812870,1300140802,1.67135603E9,369982291,oighw,N,_,a,1,Z,J,r,F,Earl3<7oQmaM &ig^t)c*RrH{n ]'ulP4a,wnQnfwn,N
211968036,AAAAA2A<BA[bA\AA,959706486,1397854005,1011120010,1.34947686E9,1518094073,ougN7,N,,N,N,N,N,N,N,Early<covpJ12%iB(d co\?Les cBuld8@,tn7noH9,N
1555900631,BATX&@75BAA7AuTA,2038168022,1279447678,1609204187,1.85511014E9,1522798889,K$gh},N,N,N,B,/,N,N,N,EiO7y&cxmma> \ngCTmcours}y co7Qdoa,fikno6n,n
1050713707,.AAAASPABHAhAABA,366793353,141011770,1459983849,1.54880672E8,,oug(t,0,c,k,X,N,N,\,',1arly[0oEmJ5 ]ighA cxMr'Ys s9eld a,Unknowx,
1813048805,,10526527,,276221091,1.28405952E9,491973,oYg)3,N,O,N,#,Z,6,y,b,EsUlm<cK$ta>*5ig;t __uC1Ru could0H,v@kn9wd,1
967635621,AMaOb`>A4A>AjAO_,385426916,203300044,1133420986,1.90978637E9,1042876014,,N,1,e,m,l,N,,N,Early<n(Oma> /<9h#sh3un7:} 0o(ld V,cnmcow|,N
1.0,S&AiAAAZBAMAjGAX,1262217334,1591673636,1946892176,1.40026867E9,1451558359,o<#hL,#,N,A,H,*,N,N,p,x%Kwy<Vo.ta>xrig0b c1u&ses }ouKd Y,>Jynow4,N
1767398481,AzAAmA<AGWAAdZAA,1404012491,1387850247,1114326390,1.18385357E9,701368109,[?g#9,N,N,N,N,N,N,,N,,UnNnown,J
1567053503,UAdOA63waA=.{AA.,164767709,1642400414,1880814328,1.75875187E9,791990774,xught,N,Q,N,N,=,s,N,L,E22l<<ToRtJ{ /ihmt*EouhsRs w`Ldq2a,Ukkxown,`
1527603860,AAAAAAAABAAAAAAA,1696035200,846790406,1294224234,1.76823155E9,132612326,4&2hW,N,N,t,s,N,N,N,N,BarlX<Tomma> rilHt co`rpOq Fou;& U,<nknow[,i
1771305731,AAAX6$+`LAAAA]DA,1731862862,1535309060,529450331,1.36320666E9,1608541854,ouggt,N,W,N,N,N,+,z,8,EaEnyWc8!m8^ right >oufsew c3uJdTa,Unknown,N
1427634716,*Y{AAAQABA?ANfYe,491456772,1544741586,1261680180,5.16548352E8,2097161887,ouh01,N,N,1,N,N,N,N,N,||rl&<commae rRuH_ /oups~K9c-ulb a,Uy#?TWQ,N
1971151839,A@A8Agl`ARAAAAAA,1423674419,1254069944,1712255195,1.76323136E9,524538689,|'Uh+,Z,=,N,J,N,,=,X,E&rlBqcomla> =iwE2HcUursesEcou\dba,twHnown,N
1319074032,AcAAAAAA_A!A8FyJ,867826795,787395734,1477409515,1.58084326E9,100497607,W?Kht,V,`,B,N,N,B,N,N,Eao)})OEmmD> D[8ht"`o&)s4t couwd @,RnknoRn,N
745205280,JAAmATAAB`A]A$A`,579782909,1589692908,197946499,1.48887373E9,629212564,o@gtf,O,1,N,N,f,R,N,N,.aol/<cohma>E;K{hnZcom{sH+ chul9J>,UnRn3wk,p
1107606841,AAAAAA7y#IAAJ4Ai,1959589515,1406079358,1905486068,1.44231616E8,663905029,ougI3,S,),\,N,N,N,N,N,ElQ3|<coQmau]niaht_&ou:ses cnUld_a,*nknVMA,
212068798,uQ1A5;AAqAfA[0AA,2093923480,1088951242,828540571,2.3081936E8,1734863317,Kug?",u,o,N,N,\,N,g,N,E"rvy<comma> "iKACW@onrseU;jou"d *,ynMnowW,N
1003138917,A#2~%A$ABAAUw1ZA,1531194920,837547460,213919136,4.09077088E8,1789321955,augRj,3,B,N,i,N,N,N,l,Eqr6xKG"mm#a5r`ght"2GCIReu @o%lI .,Uxk{5wn,q
1688466283,ApA`AJAX_pA[8A5t,1121995141,458994672,670564715,1.75981811E9,1493636013,gught,N,N,W,N,N,3,n,-,Ea"lu<Fonm[u^r9iht$5Y@rs&[F!ould6a,Unkno'n,N
1593568699,AAAdfAUA#LA{ARAA,1672375364,138295286,1877434583,2.77044288E8,1090125223,o}ght,S,N,N,H,F,(,N,;,la&>y<co3)g>s?9gQtoQP}rcfs {wulctM,UrPn"K+,|
219992006,bm@AAAfnb;1A/A@A,1155012213,611825544,1884292925,1.41004659E9,1728678424,o0g@6,N,N,s,N,J,b,&,N,EaVlH<cU`0/> ri[ht<c\orje& .3[ljtX,SnYn`w{,N
839406011,&wAkAA*$P~AA^AAA,2450393.0,1868937758,1856000156,2.0144567E9,236045859,ou6h3,N,N,N,m,&,d,=,N,Carly<co3m`>Oumgh=CcourseW c6YlW a,Un`no3n,{
974559307,-3xAAAAABA;vAA4A,689014640,1157799239,194502745,2.04994701E9,576802457,\ugIL,N,N,u,,},N,N,-,Earfy<[o)iY> r6ghPbbou+s%s cJulI @,UqBnRw@,N
1947414894,AAAAAcLpBAAAHA69,867061418,784999163,1938759283,1.45472102E9,365944771,,N,N,N,N,?,N,N,},Ea'@yDMSmma]9r+g2HbcoNtsjs ct}ld a,UnUnown,N
977214474,^]7q8CAAK)JAhAA8,1249311151,482809236,1686361550,2.01019136E9,768430764,JuWh`,k,:,N,N,N,7,,N,Ea.lyec5mma/ rightHA\u;Res co;lkda,Un?noCn,N
,A!AAbAjAB7<A|A8t,656106505,2049536877,1669691279,1.52874944E9,,fugg!,J,2,`,N,>,N,N,N,Eavl2<+t[m\1 r)ght C]uVs+j Cyu_)Pa,Unknown,k
406013314,AA[AAAAAEA|AA/Ac,505162888,274835240,1532445310,5.4351443E8,112939737,T%9h`,N,N,2,#,x,5,V,N,Uar<>kBommaS Cs{/3 s)u/Xes7coulC a,,N
805509853,D'z5cAAAB)2AA<q9,1422987587,1137265881,1706016019,5.13311488E8,1826040104,o+|h8,-,H,N,8,N,N,N,,EAPWd<Ko?mz:8rigTsEV!uAsLs:zouZdXa,enkgo1n,+
1163283157,|AAA5A[Af@AAA&DA,1885325026,347342274,369228322,1.29076032E9,2079344336,cught,N,N,N,N,N,N,,M,<arl/vcomma>pciUht co'D)es cou-d M,~-knh_],N
1606011216,A|AYAA*~BAAI#YdA,240150020,2133303076,385262149,1.90785677E9,297072156,TE-Lt,N,N,N,e,N,{,N,N,j)rlK<comm}T righs no*rsT-Xcould a,Unkn7wn,
1986500082,zAZAAx`ABXG1AAAA,438727123,1618442524,571649594,9.8431693E8,1889138984,ougkt,3,N,N,Q,[,N,p,`,tT`mX<30mWa>eGY<2t cou"{es cGulCLa,U#`#|wn,N
152879370,RAAAARAAK^%qAAZ:,1998970956,180846712,1469394256,8.8967174E8,821604231,ougPZ,N,Q,H,,~,N,N,k,Eay+r<comma>&r+ght ceur!etWc28l.Pa,UnkJ7wn,*
,AF~JLAAjBAB6AKAA,207774901,1577139473,2124370884,2.12034496E9,1431411008,oughp,h,N,f,N,N,N,p,7,E*rly+comm>> ;qgQt couM5es V{u>[Ja,Unts"wn,N
14109350,MA7A5KAi+AzAnA*A,722350465,484656219,349695992,7.2684499E8,193166199,y&g)t,N,j,N,A,N,N,b,8,EQr_y<c`mman `ight=cR]qOqX coulu w,'okWfwm,~
1.0,AAACAcAAiTtaAY{A,1338284354,1209672449,375708895,2.11954906E9,1380509103,o^g(q,S,,q,`,,8,X,N,>aX^Ca9onm5> ri^Kt cIumseh cM}ld \,=biPt2D,k
1648254084,~y5AAA_ABSAA-J%m,1297884967,1522259796,299210657,2.48473408E8,2113646283,ought,N,h,N,N,4,N,N,N,xSrly;c8GmL5 risht ^1uksesT%1uGd \,U`>n\wn,[
1242338292,,720065296,1645226660,1047106590,1.19331059E9,1002928191,,N,N,N,N,9,N,N,N,z)rv{<Wzmm~c7riqX=G0o/>ses}c?uld a,UnkT8u&,N
2027807173,A&BcA5AW0A#AJ!AA,2011233894,1482792917,624833116,5.9780966E8,1596945318,o2gGV,!,N,N,N,N,6,B,N,Early<comma>lFi]DtaLo*\b/s ctuxd !,Unk*Twn,
387295985,Y@MAw{AA>~AvAEAY,,,2142563162,1.52336845E9,1113847966,ougGi,u,k,N,*,,N,N,T,Em$ly<comIx>Eri"htp7/uMsvsdcoald .,Uncn*}n,N
894591518,!qxAAAAACJAA-`Ae,1970686186,832579808,2009156893,2.97805856E8,1495478582,\uGht,,N,n,N,),N,N,I,_arl|%csmm(> riYhI cou[P)f '\ul>Vl,c3`now:,N
412822029,xAA<iA$ABSA3AJ/F,565590493,951435761,881213790,1.6666336E9,1306532846,oubh2,N,M,N,`,q,P,c,P,E:zlb<cTmv:>J#S[_Z _o}<s%s"Ao9@d a,UnFnow^,N
,Y&nAAAJAMAA@oybK,1329542003,1450521180,,9.2555405E8,1443100230,o]eYY,N,J,N,N,N,N,},k,,,w
489394406,*AIAIA]ABMAKAA0},2018650754,703591120,1988423242,1.89732314E9,1121122068,6ygLt,N,N,`,N,N,U,C,6,Ear+y<nE|mcT righ1u+<urj'sGc<DFdN>,F#knom-,F
508260345,A+QW~RA\BrAMAGAe,593618455,285644197,2129992402,9.5191802E8,,$ughZ,N,N,N,#,N,N,N,N,E\fwB1jom<a>tri12ty-'+yG^sG+Su@( c,Un=xzwn,N
1572523542,C~AKA?AAuAAAAAAA,1280150541,878877895,1541911579,1.29536973E9,371627933,o!xHk,N,S,N,,@,N,N,N,EarCS<com*a_ ^ig7t)cou\ses x<xl.{v,Un*Xown,J
,z)AAXOAwdArAPAkr,1379008793,1107316174,403124109,8.226535E8,1160338100,<u30t,,N,N,H,N,N,N,N,obrl^<Wo]TS> 7iFGt7cf<rsuL-c1uHd a,UZqnoIq,*
377873352,FAoA{AAA.OqA.A.N,780626401,535137645,1488773525,1.99119757E9,29137604,o\gEt,.,N,O,y,N,N,,,Ka#ly]PiJ#aJ Pi10t )oersqsEcoJHdfa,|n[Low>,N
897936702,%AAAAAoKv)AAoAAA,1941048573,1101816637,692969587,1.4722672E8,513760220,Y[g!-,N,N,n,N,N,#,N,n,Sak%_<c:Sma> ri2h) ("u"8eq cgO}&1a,Qn?nown,o
1136782563,MAA9RAAioBa}AAxA,1794308165,602682586,1769403937,1.48020314E9,1709472246,ought,W,N,&,H,N,2,N,N,Eaw(@Uzo>ma> rBiht cFurBejTcosQde;,U~k]Zan,N
1465446045,GjAAbA1A0AAAAAA4,1463187281,60925240,805299272,1.31393779E9,788915075,`ughd,7,,N,?,N,N,,N,!4ulyXcomFa6RCRQ5yJmcurseKocomlG T,$Y$no%a,N
1713377101,&HRAAA%A89fAFAAF,1733318170,1730455330,43953742,1000,2064204667,ou6`t,c,],N,N,^,N,N,N,Tarly[cd"l9>Bright c4!lVe}6cFuldWa,UYknI'],N
2086085196,AALA02Ftoj?kM#AY,1745607593,259218011,2094551272,1.19415008E8,158095529,#uvst,N,X,N,j,N,@,N,N,|aolf<c.m4a. nig&t?'our5=s couEd'M,UOkToTn,)
1249659580,AAAAAAA3JArANAA?,827810799,266214689,325420900,1.72195853E9,1744339719,s/ght,N,N,N,8,N,B,s,N,G"6D2<c>mra}?Ei^hl$conjNes'8ould 0,w<FnoCp,N
1767839236,3uzAA$WABAAAMWAA,2113791183,1785287146,1480510925,1.0981242E7,1784321888,_ugSI,N,),q,N,g,N,L,,.!7ln0coEma4+cTV'\fqouwse- coulC1A,Unkn`zn,i
195683884,A'AiA]AA8AAd)#l0,203543742,1612982497,1544987671,1.7275177E9,1339403987,?kght,N,D,N,P,N,N,,N,EwclkX0o}_a/ li7htgcEu+'eM~>ou}P T,U;know<,`
1818057303,NAA\AcJABA-x{DAb,516133229,137487314,683091756,5.01457184E8,1079069719,FugsT,N,N,z,N,N,N,N,N,EFrl$]cSmma> rI4ht<A4uIPe{ c^-5dda,U:jn\wn,N
528479677,A5ARAs)AbAAAAA>A,1114916479,735910672,1081752858,1.37897805E9,,\u_h},N,N,N,N,a,N,=,N,EIQly<Qocma> 2egoY Q|;r"ksGc&uldva,U:G+own,N
1666518245,v[XVumAXqwAEAAA7,1874701303,1490521834,1578574633,8.1440371E8,1.0,,T,A,b,r,N,N,N,H,A#;l<&cM&6.> ti+ht S)uzs^g cz8ld C,UYPnowJ,
1823648618,=AAdA3T%RAxZAAAA,1323752690,765206240,2104826330,1.49066112E9,12506842,ouJ`t,^,5,P,N,N,?,G,K,(HrRY<ARm6aT ?@g=t|]ourP!s`coulX &,Y#k=Gw@,N
465183229,K5AYAW6tjw4AyVzA,1854714418,1199575024,807038249,3.83745376E8,1237641443,[)Suw,3,N,@,",N,>,,N,[Pr`y<:omm#> &4ghs Goub%e>cm@'l'%a,3nkN6w5,9
235809400,AB2PcEA[B#AWA3GQ,2108823546,1540105567,774324049,5.0686032E8,317400171,>ught,N,N,H,J,N,G,N,0,,U;WnMZw,8
1559695105,AA:0-WAABA"ABJAA,595005968,1104583891,1554532612,2.17277792E8,1.0,Gu.hJ,s,x,#,T,/,F,N,N,!FrvyC"}]ma>*Vight cFu$Aes_cTulK-&,UnkRH9w,h
429572534,AALA2cZAhAN!AC0`,1538643191,96322468,1980251670,8.4755565E8,1666470965,+ugt>,o,N,^,N,=,N,N,w,Eark{<commf@ |iD`t Wou:~c]-*ouTd c,U/]no(=,N
312081954,Av{AWAAAdAAK&~A^,919541172,33813310,1625566143,6.6130566E8,639809277,ought,N,d,e,(,N,6,D,N,Oarly<cocJ%Wb-i~hK}\o@rsxs~cou?J1a,Uqkyos),:
356645955,<G)4AAAOBGA^AAA.,1135264214,2002266740,501619748,1.42059571E9,1.0,ICghR,O,S,z,N,N,N,N,!,EarlZ=bEm\V>i?i\%tdd@8r4z7FcFwDZ a,9n1fown,N
1357593377,A.A.%AAAB"AAAA5L,578476134,1280692967,337664210,1.20946982E9,1.0,X_zhi,N,],N,N,,N,N,K,,f7kntwn,N
1306638515,/nem68-ABYA"N>AA,977702181,998542791,344510680,7.2645146E8,430111019,ou-i\,a,N,t,N,,r,N,N,EaBly<som\a> QigJ* cvurpdsQ;oulU A,q%x@xwn,N
815836838,2A%AAAiA>UpAhAFy,201811488,1901922076,730652014,1.23064141E9,1082353569,ourht,>,N,),F,N,D,N,N,EOrl%<cnmmA>Rril4t l`u)ses }Tulp f,Unk7kPe,>
1263596146,FAA]2A@AB?AaAAA$,112649471,1011658188,791868827,4.15922176E8,123125780,o\iAW,N,N,v,N,N,N,N,N,.aIly<Eo_5a>xr|Gh5 cMOrses UouTC)a,Un$n*\S,J
687061289,AAA\A[i0ByA;AAVA,1347281446,1050698353,481020549,8.0279514E8,1050652351,0u17Y,N,N,N,N,v,N,N,(,gMrqg<c1mMy> ~Z9At6aouZsOslcouz! a,Unw_QmJ,N
430788908,4A82Sdzzv.AwbAAx,1293681512,1941182567,245711462,9.180119E8,1692527755,EIg[t,N,9,N,N,N,E,N,N,iu'ly]c"mGjq )gght qoIrs<Y co43d k,)Rkno}n,j
1295066558,AJ<_AAAA`AQA}gFf,1514491636,1528520529,127995526,3.34055936E8,469161037,,N,N,N,],N,N,p,N,,Unyue^n,N
1584845423,Y+AAAs>AmA$A3AAA,126561889,1264418351,807120798,1.58590067E9,1366679718,.ughD,[,N,N,N,N,N,b,X,Narmb<com/L> <V+F!GvYu-s}#Qc(ulz a,Un|zqgC,N
396321340,AAaA9A##P<1PAATA,75742866,1171744606,2050092709,3.016668E7,2126822549,oa]hz,N,d,N,N,N,P,f,3~zYF6F]_omm|wJright cuhpSe- czuEd9a,Un@nxwD,/
117178795,A%AAAAxw_<`\dAAR,1168419157,856915656,1460540521,7.0494451E8,1729055762,oZg4t,u,N,,f,N,N,N,N,Eaql!<c*mma> ^ight}/o;S|e: coald\@,5nk32Z),L
418841528,&A2AM^H~BAAAAAAA,2012111517,1312179202,734660225,3.70739616E8,,o_ght,7,N,D,N,Y,1,|,N,EirQ];com2v> right cbxrWe6_Q2WlC a,Un/^o+n,N
1637418691,mAwAAg!4NiAjAA=A,313246609,497844010,1423926926,1.4036841E9,972050543,o#Q]t,N,N,N,N,N,N,+,(,EX^Ny<7o3maB right coorsc* aEuH<4x,?1kAowW,.
1.0,]AAqAA}A8+3p/AA3,,1740961521,1253080557,1.5227104E8,775077344,o*z6t,N,T,N,X,N,N,,N,Eauty<Uom}q:XOig*t coqrses}viuAE .,mek3oWn,^
1425023159,vdAA|4rL~5B|AzAA,961417472,1201707498,1740288659,2.02873626E9,216607541,6!gCt,d,N,N,N,N,N,N,K,Darly<U'mI5> [i4ht >]u|iep cogldea,unZ5ow?,N
198581755,AA;8A@?A%?AA`AA_,476181205,2144238465,2120644327,1.92558861E9,1803680882,ouoht,N,N,N,N,N,',N,V,E/el_Dcom[*> ri(kt co^eLes~9AulF3a,>nkWCC{,}
1065167707,v*AoIAo=B:AA#AAD,152129135,1092163621,518170700,3.81417376E8,1.0,dujst,:,N,X,,N,N,N,O,l;rvOmK'0CGI qigh9 cou<cpY cbul3qF,UnUS#wf,N
1040836525,A;AAAA5AB1AAzTbA,2101313831,1935374756,704993022,1.89861658E9,1010266039,oug2[,T,N,N,N,N,N,h,N,Eub{q!c?.`#GVI]zvt co=rJe)1;o4ld +,Untnown,
563301555,NnAB|\a@BUAA}AT`,,1594312011,28154554,8.4152154E8,1953392259,tuuh),,N,N,m,N,N,,N,Early<comma> right courses could a,Dmknown,N
,tFFqAAA}RAFAlpKA,524750477,1786108241,1518602473,1.58496768E9,326660766,e$$ht,N,j,z,N,Z,B,*,*,[a"lps3Fmma> (wnht c?YgeeF cofld ',+]Nno`n,N
822452488,AAX=GA:A[!7AAFAA,1757917006,736226254,1789822687,,1409889190,=ulht,u,$,N,},N,V,N,\,QarlyY8zzmc^ 5ight tmUr_e9 coIldra,,7
643203960,AAAjVA"APFAsAAyA,1482083238,1822409866,638152682,,1842488680,3Nght,N,N,",|,N,Y,N,N,harl\<comjv> SWkhPL?ou:Teh m9ul` a,"T-Uown,+
768335080,DHWA!jiAeI.(t1AA,1609099532,316832823,1944399440,1.80928717E9,1869823833,ought,N,N,*,I,\,N,},$,F`ulr<cP.ma> r]Dht kZLrs.>EcF0!I a,Ua-)oI),w
585931349,h}KA{AAlBAAAAAA8,2124044206,2013219010,205572616,7.5228403E8,1155192631,oSgmP,r,m,W,N,\,N,N,N,E}U^W<cOFm^Z_?a9tY couZ[es%#\u[dSa,U}knpwn,N
1405318680,AAAAAAAABAAAAAAA,1362199126,1061885476,527246340,5.7769626E8,220497548,o.(h",+,N,K,N,|,@,_,,Eorty<commaI biR_Y 6ouv$eQ cEuld a,PUEn%cW,N
703697079,AAAAAAAABAAAAAAA,1140297448,1849163964,7214370,1.57683686E9,1466544122,8eg:t,Q,N,N,N,N,!,%,N,0arlyA}oAha>z@Ne>y SouW0Ls QFmld$a,UnknoGn,N
588221085,AAqAVz8KU^A8AoA|,729215732,128927260,693285811,1.25887846E9,291637505,ougGt,N,N,m,N,N,e,N,N,{ar9y<Mo=c?> tigStZcguoses ^ou5/ t,UnknowB,p
193572661,/AA.AAAABAAAA'A2,1807650171,1429125455,,1.63672627E9,,:uchB,N,r,%,2,N,N,N,z,ga9ty<c+mmi> riPAp comrCe> ckX'd a,ipDvowF,7
1934439958,fAC{}F0ABgoAAAiA,1892905154,1927439654,1284566326,3.31584096E8,1005555423,ongh_,N,,~,X,%,N,N,C,Eary;<ccxTa# pigTJkYon2w5} Joul< i,UnBnown,&
1634415127,pAAdAmAAMkAAAAO&,2014133156,164205922,1317280237,1.10800013E9,969271891,oy?%h,,N,N,,q,N,?,Z,k=rMkocomra(t>ighmMcours00*so{8d N,'{%`oZn,;
1093748400,xDKAA$AxBAAA'AHA,1498648081,,1014809885,1.12447706E9,1716941215,0uY|t,=,N,N,U,a,N,b,/,EaLS-<Vomm5> rIgEt oowr^8pdccYtd +,_nknLUh,?
1890584592,AA#/"ihAozAAAAD=,1351871736,1095596262,191211662,1.72137824E8,1373550140,ou9hr,?,N,4,N,N,N,#,i,zYrfy"comBk>E0igh* ]\u<s1I9could a,UAn)8Xn,N
1138815503,AAAAAArAWA_AU+E<,1979757065,534196947,205317606,4.48055168E8,1513969699,6ighd,<,l,N,?,N,N,),N,ECCOyncammF>QF*ght c[Drses co\+J Z,djkT[gn,<
286509950,AmAAAA+9xAuAUZ^<,12136840,1100616775,546533900,8.032169E8,1401336454,6uDhN,j,N,f,v,A,E,N,N,}acl;<-.mma<B-i](S c~uraeb cVulxSt,U#$nowj,N
1985739451,sAAAAbAABNAA9{/a,1001780753,2132711287,822993316,1.25240141E9,4543601,ou//t,$,P,N,D,Y,N,N,N,EarlyUc5Dma>Rrigh[]cJursesrcyul; a,UFkPD\Z,a
1445346830,A#A_ActA$xAA(cAl,492931051,248438356,127974981,1.96387354E9,1.0,w<Wh(,N,5,],g,{,N,@,N,E?rlyJcomma>|Oi'h? cD(r*es d\uS+m4,Un{notn,&
518021810,=AA!=:AABAAW]!A<,,1549585034,409602943,9.3791456E7,400850827,={g.%,\,,v,[,w,N,N,#,Ear%y<Fymmq> ]ight coQIses cPuldg;,UDkn;wn,\
1719195293,Z~AAAAAeBhA~AA%g,580554750,1007918768,,5.5489184E7,1652107377,mu(hc,N,N,N,N,N,e,q,N,8Criy$3^mma>Frpght coursbI^cor1H a,znC.TxG,N
597289955,AASAHAAABAAAAQAA,1245882027,1300854991,1962726040,1.31280307E9,1690858025,s#E-&,N,N,@,N,},e,b,W,:8rly<.ozma# rwghf cbz%seN c.!lsZh,U9N:7wn,
1582059721,x7**ATnABAA{AA;A,104002873,1812174879,1010139775,3.62096416E8,583525771,<\ghO~N,N,N,N,+,N,S,N,gaVSyyUAb{@>1iigh8mc-kr%nsr0Bgy>xa,UqkOk@n,N
1817527786,AhAdA83AAAjjAX&A,,502837411,1815219137,5.4125837E8,470128093,>uZFt,",t,N,N,N,N,N,T,Ear!e<comma;jr^<h^rc;u7Te>Xct'Nd W,U+Tnowe,!
1655135903,AAA$^dj-BAeAA3[A,264642283,1023933734,1054102170,1.48961664E9,1159871607,.BgYt,%,N,v,N,N,c,L,&,6arly<hvmmN>VO.1<+$fou_ses P#ul+ta,;nk:$zn,N
1533625210,?AA+AAKNB5VAUAoA,1317401316,438493405,1591944196,1.49020058E9,,ou5hF,y,d,m,N,N,,N,O,~asly<ccmma> KigGw?[ou>sevLcguld ",*'k'oS&,N
860775982,AAA"Z)AARA%MAAA2,1909780241,253617868,8552.0,3.4084432E8,1428611169,o0ght,N,N,.,S,N,N,N,',Ear<d<c8ms0>qright :o*r|es co+L9ha,UnNnown,@
1.0,ApxJA5{PBA0A[TA},172099913,1685815873,391485697,9.6957875E8,1216175671,|u|ht,N,!,q,N,N,o,@,j,Early<c]&$l>Veixht coTrs7O>:b?l% a,U8Dn:w7,;
1470388499,>AAA%$A#BA+RA`if,,81599555,583547055,9.111977E8,1779591601,oRght,N,N,N,(,e,>,6,N,Ear[yGAommb>Z8ight9Poui_e# koONd 1,z4knoQ:,N
829156046,yK`SAAjABAA2A(AA,1592692734,1079043507,535712239,5.6135706E8,1313621576,o7g\t,8,5,,N,Y,N,N,N,Eq%latH=(m3X mighUkdou]ses co[lf 2,Uz'n/wP,z
,>2iA6$AABiAAnDQj,660505978,,2035665274,1.99870157E9,477219683,YuEDC,r,N,N,-,N,N,N,m,E\$lyoKomLo> rig<t v3ur8e2 cyul8za,3zknown,o
49401829,AAJA3AAk)!Y8ASA^,890019248,1472705492,8552.0,1.42055565E9,295723672,oJONJ,N,`,8,N,:,N,N,4,Eardy<`hmm3d #i]ht-cou-sPS Nolcd a,#nkdowC,N
1806389861,^AAAAAUArAD{)AsA,1364658167,1974227879,,1.15354624E9,789337209,42gh.,(,N,\,N,{,N,N,\,iaml>}ckmmz> righ" o;Qrsqs }aulYCn,UBkno#n,N
494211180,S=DAmQAAB&AA^(EA,488651933,518912648,56990942,1.97049062E9,1386953535,!uQht,@,N,#,N,N,j,N,},Earlj$uomTa>.righX0*our@AiY7oVl| c,(%^naws,
1047197615,AqAAb6A&B"[AA/8A,680237345,228969427,1283815236,6.9124378E8,1905546190,ought,L,],k,N,4,>,N,N,`_]l?<xo^ma> K2Mh~ courses7coml$Q?,U+kn1w3,#
113251853,VhEA~'}AB1AVAAAA,49770173,842060906,2016622654,1.1619831E9,1474345213,oug2:,N,N,J,p,o,N,N,N,2Yr#yB5omma> rLghW nosRs%3@co|ldzB,=}JKv7b,N
1156982846,A~&AAA{`VAA"`AA:,505998840,77079275,792195902,1.99253696E8,2064654138,o#gqt,Z,Q,N,N,m,N,N,N,E&r((CcOmva>i=igkt gdurses soJla \,U!k}(w1,N
821816172,AAW6AaAA|jAAA9uX,2066029980,404423905,1534312490,3.80860992E8,1936829159,o#g(_,b,N,!,N,N,+,s,6,M8gl6Oh@0ma>gright coursei:coF)d X,Hnq3z_n,N
56250334,An"+o|AA4AAAbAAA,1106850329,575527592,306376086,1.0361328E9,1310245010,ouLhB,x,|,-,Y,6,T,N,M,EarlyBcomms> r&g8t cq%rjBV xoFPdH?,f_k<?un,{
809347172,AAA3AAAABp`vAAAA,1886695689,991914707,796585496,1.94668198E9,491412269,oulL5,F,o,d,N,l,N,<,N,EXriQ<commaK 5ught V6u/seJhu?uldkZ,xnkncwn,N
820047092,ABBAAAVn4AA:A!A=,,176402606,8552.0,1.91825382E9,892984314,,w,9,N,=,N,_,t,^,ENro9zyo'3a9mHi2ht cbursY} cgu!Q a,Un}n`Vn,N
505200993,AA6ANAAABAAAAAAe,195490604,104803896,1422624167,1.67046752E8,244132324,m:g(t,\,3,N,N,G,v,,w,EaKlyif}mGa> _7Uht Uo}rses AouMdEa,UnknoU[,3
968688520,uAAQAfA_KV=HAAAA,944128973,543624872,1193453940,1.58575296E8,1251152585,%ught,N,G,9,",N,a,&,#,Earll&commK>D60_h_mmprrsestoo""d J,W'knojn,N
161004081,wAwA7kAAB%VA4AZg,724451224,25349875,100271622,2.09414387E9,322145904,mugh@,N,N,N,/,2,K,N,),}J9lyzc9MNaS:riKh* 4E:riss #oul( a,UnkY('n,\
1695962552,(A2AA?A"YLA8A[;A,442831324,340590793,784388688,2.0238921E9,1531644515,oz%hY,f,N,x,N,",N,H,N,5artyYcoBm]>YZqg/3 S^oXQ2/HCfuvd 5,4n+r'?n,1
788437488,,1036305331,1092058417,191976116,3.69419232E8,1476119837,\.gh7,N,5,!,C,;,N,N,f,'arlI<)omX-fQriO8t.noXrseI<-kjlYK#,Unk!o<(,[
159809258,HmA:q"=AB^#4ZPzA,1093039647,1154925116,591694524,1.7871575E9,1218365717,Rug]t,p,],+,d,),N,N,4,Ea<l=<:'m<x<hfigh' coN[ses cq(ld-a,ULk}own,X
1266739266,AA/AAARPB<AAA\AA,506248111,27921281,1838718924,1.53334682E9,1167344917,Xy_Ut,N,S,N,v,K,N,v,N,EHFmm<c8m@aHjri.st e0u/!eEoBoulA @,U.6Uowv,N
1081109145,4-A?IACA\jAA@AAA,173647731,,253453117,5.7976877E8,1157097693,)@ght,w,N,N,N,N,_,H,N,~nh+y[co*nc>tbigho=cou?sXY cLuud C,UnknMwn,N
1768224468,BJS*AAAAn4AhAA:A,1593635417,1695873405,810619441,6.1638323E8,527521182,ougFh,N,N,N,N,,',N,N,,6nkn:~+,L
,wAA1/ANAlA~AAAAA,1639876127,60633836,1328534664,1.51837837E9,1830826394,2uQht,,Q,n,N,a,),w,H,Ea5fI<comm;> rieh. co$Z*es`DSECd 5,UnWn3wn,j
1113614959,AAAJ;AAABAAeED4A,18076217,180909753,228011404,1.6876032E8,1227644096,yVghJ,N,N,d,N,N,N,N,N,\arcJ<Oo/ma} rt[wD 8AvBJes-co2ldxa,UnXGanx,=
371689126,CAk^AAABBAAAB;AX,862744052,532330985,1476816598,4.43127072E8,658283053,Hhcht,N,N,A,#,P,N,i,T,Early<comma> right courses could a,Unjkod%,N
1866050706,LvK3f[AzBAA1AAAA,1166571283,1948439454,2016749,1.41957632E9,1924951957,o+gUt,N,;,L,N,N,g,G,),,U\*noAn,N
2001430295,AAAAAAAABAAAAAAA,286500461,1835038701,1198244544,2.4898704E8,528651535,oLght,,,;,N,N,N,N,N,Ear+I<cymma> rig@* &ouPs;Qi"ou_ZOa,Inhnown,N
931994319,AAAA3AAABAAAAAAA,1719809233,717449996,2036675634,1.60798976E9,473312881,oEV-t,N,N,N,X,;,N,N,t,faHl]<cimmf# d$;hA i$k2se0 cFVl3 a,UnkY4:n,N
2070252206,A%H8A:QmBAAAAAAJ,,1538996670,594729822,1.10121368E8,1474099803,*ggss,Q,N,n,h,q,N,N,N,/0vty'cR3mO> p;-h~tcoersV]B5+Pls]",U}kgoQn,\
448794359,AKyAAAA2zA8jAmAA,1216623747,2025367997,348329365,1.92783488E9,2048984535,[Kgx3,#,N,>,N,Y,R,|,f,Ebrly<comfa> righ* cRurs;sSW]uldb@,enknYwn,N
665609931,AAA#xAZ;UAAAA`XA,126960823,858995528,2070220820,8.9765434E8,691469583,,N,N,N,N,q,N,N,#,ox3KbZ;fmmVp r(d\t 7:urseCncJ>K4 a,rnk!B'n,:
1333142720,AoA_AA*mBAAx5:};,2098114705,171396425,190293966,1.49779635E9,397961277,ou:hY,N,5,:,N,N,N,N,t,EarlCMcomma>\gigztUcOdrs8s|cxul! i,F>P|ow`,N
1264051121,A+AiAAwA<A'L(AJJ,,307262654,543338641,1.90022272E9,1119120021,JufQt,N,N,N,N,N,N,[,:,Ea%=y<c=)m(> %i#@tUc6ursew could v,0okO>wn,%
995383601,AhaAfAA]}A'#AAjA,397332031,1932598571,1523684854,6.776937E8,4007218,%6JhA,p,3,f,N,N,J,N,V,/arxy<G0>ra>fkig][/SGurs|s oo%ldca,UmWnAw9,
1656632910,AAAAA~SA`A^AGyA/,327602946,1152062563,1905301990,1.43583648E8,,ought,j,@,N,A~N,.,N,t,,Unknown
1327957317,zAAAAAAABxAkCtG~,340223742,1509766134,1605701428,2.08406848E9,2040011511,o[._t,U,N,N,],*,N,N,N,paaly(ccpia> oi2htu@ourseu NWuld R,nnkHo~C,N
968731197,l:3AAAAA&8kqRAAA,,1682951987,568411649,1.18952179E9,595005152,ou2ht,N,N,N,N,N,N,N,B,\pr}_yEommaF rik%t2}oursesZJHuld [,[`ksDwn,N
1255182473,dAAAAAgABA<HT3^A,70370787,271419740,67756314,4.6161584E7,40921434,oug(t,%,N,),N,N,w,,N,qh1\.<T)ema>pysghVHcotBOesOc8(lCTa,]nknBAm,N
2011359781,AxAAUJAU'|W2JHA|,1357829698,1637712227,1584512525,1.29178918E9,247675008,oufh[,N,f,N,N,h,>,N,U,EaN^yTf]3(a>=rightt&DG>NeX9co~ldda,Uzkn/wn,v
95087953,^5AAAA`AvAAt1U'K,,1900783467,1549725810,1.7817344E9,351798063,ougD\,>,,N,@,,N,N,t,E/$lyPp%um!.4}7ghtNcp^rQesH@oul# P,Unzncov,N
346519595,WAOAA&;IBAAAAAAF,401929242,357051260,1719214661,1.24933811E9,2131731297,[ug\t,,`,N,N,I,Q,p,O,Early@<_Tm}Q 3i{6t"Vo#rs6sqco;lcHa,l>k+cQn,
1640578008,AA?AAr7ABA:vH$sA,738225989,1225760978,163183158,1.7686752E9,1693600691,orgh?,7,N,`,H,i,-,p,N,Ehrhm<OoAm0>XrKghtmco'Gs&s7ct}ldz#,inkn%wn,;
415632572,{AAAAAKABZg2Ao2A,,1254706610,1162766904,2.11294989E9,1906754047,lughM,(,N,m,N,L,h,N,N,Ear(y7cWm?a>Byig`# <t!rseP c%ul.(a,U#Uno(n,N
1477631745,,1971223918,1372357586,573701797,2.318352E8,85630756,YVg6t,i,N,N,G,U,N,;,J,ma<IM<:ommQQ;rF)aF cok.sbw]&ould B,Qvt>.Vn,9
2065524871,AAAjAAc(BAAClkA<,1867808903,616349733,501868681,2.56812736E8,1183597034,UuzhJ,N,N,),N,N,N,F,N,EarlY7comm=>Priqh$ 8ourses{co}lUja,UnzYoRq,N
1938584725,iA!|AAAAx+AAAA:A,,757096730,246013377,9.4116109E8,1861136798,,I,N,N,N,N,N,,N,E)tly7wu>#a>V=7ght\cou=]e= cXuGhQa,pHksomM,N
577092346,AA^AA/A$Bv?AN8rA,252311845,1530299902,665642867,1.39759424E8,,z/?h\,N,N,x,N,t,N,N,N,]rV@Qec5d"Kp_rgg-' IoPrsne could ],UUDsaw[,
1473216793,KAAT'AA}`AxlA'L@,1311780030,1411464742,436952722,2.11787046E9,,vughj,7,N,|,N,*,N,R,5,A=rly<iTmm3= (ightocddrse1Scouldma,gnoX_U|,g
1958151032,(AATAE_A*hA}hAJA,117939645,1148835004,192760160,6.8385146E8,1920403497,oG<x[,N,N,N,),N,_,N,x,pwrdG]comut> iYgvt$c&vcUel 6oupHpa,_nkA}`^,
67626316,A^@YlA-xyAyAA2AA,2099408611,1338976293,504100367,1.19355622E9,1502406871,ocqht,;,N,N,8,,O,N,o,qar^3<cW<Wa' rWj"q c*urs!h EgilT}3,8"^~n}n,N
455146648,AAAiQ6AABH$AAAAA,1807528246,1923897290,511077661,8.1705715E8,421459071,ou=Mh,,",,G,n,N,A,N,Ea0%7<coCMaA MZtJ-_2YoI%esOcoa;g a,M;vnojn,e
1275359553,AJAO3&A\BAA[LdAV,19153839,1736852313,1229751981,4.649336E8,,oufHt,;,N,N,+,!,N,e,N,Ejrly<cotm>> r^ght 0oYwDedtub(lTKa,Ukc\own,N
2033191962,aATAAANhQwAAi9Sz,1274331781,2091966256,8552.0,1.54335782E9,15360019,M1ghL,N,*,,N,N,N,!,k,tarI{}coEm*> rig+) co'As1{xlou}tpa,UrwCl-W,
1869022390,_A@"0AAA!OAA=dqr,448179923,1921694933,202762500,1.7918935E9,1.0,,N,g,n,A,N,N,-,N,Nar<y<&oqmay!rBs\)N=o\LNjR K+Vxd e,U#-howi,N
2097832627,APAA)/AA3<KAAA>s,58168559,1873762645,1482921346,1.70251302E9,2115962389,o]gh!,.,x,N,:,s,X,N,N,ExzY}%c*fmcr q?g$q couasWYBcouj{ja,Vnk*own,N
,AgaAAAeABAoAAIOA,684123972,1832818230,1782826347,1.06848166E9,8617333,oughw,N,z,N,N,+,f,N,i,E<w0y<cw>mGqU^irIxxLo~rses coul&]@,U7known,C
314778698,IAAAAA$A2AAeA@Ab,494825507,1041003837,442257681,1.96192064E9,1902976570,oZ;ha,N,v,D,N,u,5,;,N,EaSlk3momma} 8ight cooWs~f *o>l; a,Unk01wR,0
626789145,xE&)AAAA{AAUAA!v,1837185281,625479590,1638281612,1.32886144E9,1025326783,o2ghG,N,I,N,v,,N,N,N,E&flJG:h[)a@`rtdh0[c#urs]w:c[jJd7a,1Lk$o:9,m
1562143976,JA<(sAAhBAaAAzAA,36092074,994972247,531923114,1000,51207078,5_^ht,M,m,N,N,N,N,^,E,EOelyRc~m*v>wri#ht _o.rses coutdLa,!nknX0n,$
151035074,AA}AAxAe`CA]AAAA,970542081,570834415,1459059905,1.45748979E9,739957522,W=fTt,,N,7,@,',N,N,b,-p-ly<comka> r:gfthc'c[mSQ WfuldAn,tnknoPr,P
1992613267,AAAA5G5ABAA"pAAt,375630489,1354793888,42927636,1.16808922E9,845145183,;UgMt,G,N,j,d,+,f,N,^,Earey<coWj<>or3ght >Tcbs3s:could `,~9knqwB,+
1865750694,@A}xAAAJpS/A:;A6,2146209592,361236033,1822970034,1.69693018E9,,Qu_hU,,N,q,N,w,N,N,N,EarG7/co/maC[_6ghd"5our^X)VcoPld>a,3t<j}~C,Z
1077185561,AAAp3=rAB4A)A6TA,1386317322,1901590217,871999936,5.6959322E8,838008290,nugT[,N,k,N,N,N,N,c,D,EO~jy>cmmIa> riW8t course; ;!Cl41a,crkVo5h,N
335217283,l[A-A^Ef:Wm|AbAA,2020201274,1527540339,1017103426,1.8297193E9,1376673455,ougst,N,#,N,N,N,T,N,p,warey<Ht5mI!Prigot U.urs{se.Y-ld 7,7n\nown,N
1902472689,AAA%A8AA'A2PQAA[,1821205534,1518777877,1771514977,1.51933408E8,1541970224,Wught,G,=,Z,N,N,S,N,:,Earlyt8oZLa>VJ2ghticC[r~I1 coVlT a,UnkxoUn,B
1075767858,%AAkA@AAYaA>AAA},1977517263,1937003601,100560608,1.1936905E9,776706567,Bu}ht,N,n,P,N,N,N,N,N,Ear2ykcomma`}%p("t7coutsGf +Suldoa,Unk^own,H
982938313,AqAA;}A[BA&OTAPS,1225073958,869622249,1307337959,1.48719091E9,2005993153,9G\hg,N,#,N,N,E,/,X,},EpD`_<.ommaQfrsght8coursn0 ;m*l` a,U($wown,N
,AAAA~AAcBA2.JAAA,1190652609,1443123108,787173692,9.3334886E8,991343084,ou<hi,N,=,P,E,j,@,2,(,^'ql&7[o4^:H HiZhphZou~jes+X<Al4 a,Un!no$x,
1780002964,5A[PAoAAAKAAAFAR,,1182255877,653205944,1.50366752E8,1016266951,)uZ't,e,t,N,N,N,r,N,N,Evrly<conmad hi~Dj co=Fs@s0cou#u 6,anV=owf,
587070249,AA5iAP.AQAx~AAHA,753483753,,1557535842,1.38695002E9,105020133,N8ghK,N,E,W,e,m,E,N,x,,UnP+zsn,N
1406037745,AT%AA@:/BCYv"AAA,685793127,,580288926,1.48779597E9,657221522,ou\ht,j,N,o,N,N,D,!,g,Early<eWmmmd rz3s` cvups@0 \\u2d a,UxkRZ)n,>
262922073,-A"kA>AABAAAAAAG,755009843,1001109117,1610059789,3.14759552E8,815628671,o!dh4,N,N,f,{,N,N,N,v,$arlyCgomZZY rigNtWc83rs~z]!o3l} t,,N
623192971,AA>Yw?}AyA=DAAAA,2014737563,1606868402,661482474,2.11394688E9,339388056,oug@P,*,N,N,N,N,N,0,N,E>>ey<cnUmBR^;i6Tt co8Rs}s coul) a,Mnknoiw,N
2087144400,AAAeAAA0BAAVA'AA,113121351,672429111,,1.22567437E9,306607574,ougAt,J,N,f,N,,N,T,K,EGrNyB~~+ma>ArdVh7=BoYFjB?vcou?d O,<n~3;AW,N
,A/AAAAEdBA/*5AAA,1453552953,1567433977,632207157,1.09748262E9,1097708727,Nught,N,N,.,N,N,y,y,N,Eirl>>tommaD+^igSt $ouJses *suld a,7n=PRw^,9
1038398036,:A@)AAAmBAAAAAA=,612273013,721108857,115062100,8.8374586E8,1944313696,ougTG,s,P,,N,N,},N,N,Ehr(y<?NmUCL$rigz~ coukMey c@8-d a,in`n}wo,N
508054092,AABnAHvA"sASA@U?,1491536033,518727683,335511282,1.7235248E8,387446442,{ux<s,N,N,[,J,<,N,N,p,lar(>wRocoa) 5fNXtLgourseZa;oo:d a,AQknWw',o
1350737266,AAuAxAgA^AlAAq/A,320812624,1208649879,868751122,5.5765978E8,1162464644,ought,N,N,N,N,N,N,~,N,uar+?Jcomma7 r(+mt co!rses|;oFGdZa,Uzk[&w@,N
1015301033,AAAAwAA]<AA\A(AA,1166883829,1567010606,1179694615,6.1887796E7,578210027,YighW,J,S,N,z,#,N,N,k,E#r}y<q)m6.B righ] c?H$8eF*$oucD*1,)nkntwg,V
905380888,AAcAAAaAXAA=HDeA,1543880733,1058239735,1421461238,1.1475552E9,1202823189,ouX2t,n,N,y,K,N,`,),W,EaI2yucFmH#P ri*htrA1uRlesEiogld m,Un.nowJ,N
1447958397,\[71C)-@bA2+kAAA,60133668,1355308405,1223043536,5.02476512E8,1677332815,ZRg't,N,N,N,N,o,I,N,!,EaAl8<"omba>Bri-hi cou~ses^cqM9a g,Un.nlHn,N
1105286729,Ad]AAAAARAAAALAA,625094854,1592910044,1426631950,3.4023404E7,871851626,,D,N,N,N,N,9,N,N,,Un:fmwn,Y
2000160750,AAAAMA"ABL%AAAPA,1160874072,79648528,1720922632,1.27973773E9,2115188467,ought,^,O,N,N,e,N,N,N,#x!24<comma>>vi>h??Hour/rs Gxu~d a,[n_}own,N
2008138724,A|A#AA}5BAgAARAE,799164285,1169532319,744740727,3.61524352E8,2024042847,w9gh%,J,N,Q,N,|,,.,N,jarl:EcosiqQYr9ghtmcQu&ne( 7Iuu.kg,Un5nY=W,N
1732285349,AAAAAAAABAAAAAAA,875322252,1898967579,1702775663,3.03701056E8,,ZRIh#,F,I,2,N,N,.,w,N,Tarly(co-hxN rXA_l:Rou^0et HjuXi X,U`pn-}n,N
27689107,AAoAAAAABAA~{A/A,2450393.0,,1775526451,9.2598669E8,600782751,onght,e,N,N,L,N,N,|,x,`F_ly<c$mma> rwghtE_o*rsTs)WtuldVa,cna1oZn,N
1564043676,AAlt0hAABkqAAAA7,415600200,1650590365,1024784943,2.88972224E8,1939552046,o)gvL,N,N,#,N,f,N,p,N,Ekr8yzB=m<W> ^!gYt"co;Pses co+lH a,mnknG_n,N
1793138093,AAZYABAE7A"Oq"Aj,1203297023,1889445033,516784599,2.1125033E9,1001276833,ojghd,N,N,O,N,K,O,y,N,E#dlygc:m2d>}rOgq2 SszEs9s cou~nza,U*znohb,K
883283438,,1487939026,995668701,1112712279,,1488443002,ou7h^,,5,N,N,N,,C,N,Earqy<6Uvm)2 Bigh* c/ur]7Q Youl3 a,Un<noe|,N
65021348,,830558787,1644966458,1277560361,1.78306778E9,,Tu\h1,N,N,N,N,o,P,N,N,Serly<AommSH6r;ghO ?yurCoe could a,UnkNoZB,N
1415665690,sD24Cw6\gAAAAAnF,464053899,2103861537,1891372434,1.5006976E9,1631658822,@<.%t,N,N,N,N,N,N,N,N,Eaj7y2jo?m>>4big&z 1wdaJ)skcould a,cnkn#wA,N
698656697,Ao4bAAABdFAQAAoA,454567527,1224517002,394934319,1.39284685E9,95915856,ought,?,F,M,\,f,N,N,[,Ea~l[<c+mmaj e#ght|coArseswA6ulTxa,Unkzo9l,N
1724291356,AAMAAAAiBGAAbAAA,174483019,,1418070146,1.24045683E9,1673199619,,l,N,N,N,M,R,N,k,Early<xMmma* rig.i _ouyOGw co|l3 V,=\knZwn,/
,A}6`!Z[vB/6AAA<A,345608627,1955237317,1021166417,1.86116032E8,1012020159,oJgf6,1,?,N,N,?,S,N,N,,qnk*oT/,
962768302,AAA9Ad^ABt>.AA%j,296155269,946683929,1902226722,1.89343936E9,127146257,;.gT4,N,R,N,N,^,[,1,N,Murjy<c9OC(a rigHt7c?['sHLAloPld },U|1Afwe,K
1841897959,LAAvAAAABAHfAAAq,906684452,1968288747,1545864440,1.42936064E9,1186921308,Bughn,N,c,N,z,N,N,U,",Ea+l\<d3mmU>"^ight-u6ur(us-AoulF p,S7knx[T,c
825190102,AAAAAAAABAAAAAAA,2450393.0,1978217748,1672763047,1.99156838E9,457484027,nug5t,[,,o,",N,=,,N,EBsCd<cosba3Gfi.^h _o$rsesA{ogld&a,"nGnjw!,t
1213501761,DA'F)A`#n%:R"A9A,1587661086,1696404570,731616068,1.16633254E9,,Coght,1,N,[,c,N,{,N,N,EOrl=<4p>Bahrrigh50couzses oou$dLN,/nkBI_v,C
1419854762,!AAAJ`AAaAAAA`AA,554679835,178656663,706264753,1.00929488E8,1477410248,)ught,N,N,N,>,N,,N,g,farl.<cJmma>)higuG Courses`fouH3Ha,Un-nTEv,N
1111588442,0AARA"AABW|AAbGA,526687161,1239959469,98244564,9.773705E8,929103647,o~cEt,-,N,K,N,N,@,N,",RarKy<c)bm;>GgRgZtUcwuIses*cty{` J,U9knim6,l
423700339,*Ak:AAAdB*yAAAx),2450393.0,392833839,669022524,1.8784169E9,132296263,0U@ht,?,x,&,D,N,N,f,N,2X'<t<sobma><r>WJt c4u:{nwqcodqe .,UUrDoXn,"
1012752305,BCAAAAAm6AAA`zFA,1088829798,,1635246598,1.94479898E9,1430700100,gugy^,N,,N,N,N,N,G,0,6a8l=ccomma@:right Jour6es!?PvWW\a,}'knoEn,N
2120554694,AAAkbA?ABAAAAA.0,1810414636,1247936451,2128178209,3.56381184E8,2060632020,)xgEr,Z,N,t,S,N,N,N,S,Ea5ly<Qo`va>(&%=dt joArq~uh+ouldKn,UG8now*,N
122095417,ASAAAAAB+AA+AfAP,121849419,662611072,836684108,1.76509606E9,1430054605,oqghf,N,N,r,@,N,N,N,N,E}r*ywcom4a> +i.wt1`oG-b%# couydAa,UDkUo:6,9
1439055079,AAwEAAA9qAA:F6A&,1194430351,994409758,705861310,6.4858976E8,661789576,suUPt,Z,N,N,p,v,>,N,;,E}xJy<UNmmKv e=gdtvcoOrs#Q co.la C,Unkyo+P,N
1703313558,AAZAA~|ABA0AAyV[,1005116566,1636629139,183679646,2.20012E8,,y0"ht,o,N,N,_,A,Z,N,x,Ki/%8Qco6m8R$ri[j5 Co-&~Us3@o]ldsB,=CJno|n,g
2088966234,8AAAAAaAB}AA6gAA,106120789,675491707,227759141,1.84904858E9,410986541,Cug&Q,N,,N,d,A,c,*,L,Ear<VUc3mma>%right c>OrHe1 cIuld a,Unkn:0L,;
1690608335,yAq=A+AABe_AAeA^,235722543,1040528972,1786759104,1.79178061E9,1902126906,oDlOQ,N,N,N,i,N,V,0,N,EWrlc<com2a>XriU&t NosrMeqFd<u#d a,Un1n|w5,N
225421581,~#AAAqAGeABhAO&[,621673098,119738000,793899528,4.62967104E8,1887479378,oyw't,N,7,),_,n,a,N,N,,t&kbown,N
1316965358,NkAA60AA@]^AA|Ad,2450393.0,923014209,262252695,1.93638515E9,215127642,@}gh.,i,N,N,N,(,N,),N,Ear-y|cvm3a> rInhtqEF=As8h!co\l[ a,5!k*5j4,N
2107678377,A9AzeAAA<AA%J[AA,2009994452,1311535079,43735247,7.7159827E8,1018623884,(u(^O,X,w,Q,N,N,N,N,,Ea>zyOcom"aNI'Tgh)uc3uh}]s.7#'lQ\a,<Ba#own,B
688834435,wA/>MAA"BA|*AU:A,604140573,1352718683,1757934596,3.37909024E8,711052791,'ujLc,T,N,,N,o,N,N,_,Marl-</<mma>fH"g6(Fcouase5kco4ldT:,4O{-M!h,N
32291917,`PAAAAAABAB{AAA=,559049720,973454157,2090114819,,,ou*ht,N,N,z,`,q,N,N,;,;a6la<comma3 iigZt ;SuKhesp}Ep|DPa,bnfn3DK,N
1194065314,B(=(x)}A_A0[A>A{,2450393.0,103935072,1061903255,3.13452576E8,687641943,o'ghK,N,N,N,N,N,N,N,N,Earl``c!emD>lr6pht k"4hseszc1)l# -,THk=NAx,N
1849043625,}AA(AAA*BA%vAAEA,199163475,477527040,726965447,4.4518236E7,99854418,h!2ht,0,N,9,O,N,N,N,N,EfrZytaot=S> Migh=mco--~eqfcouln_x,rnk|ow~,N
1640067575,C1AAHoAs4fQAAoIA,1733270791,1749150950,585566042,1.49017459E9,230994832,oI~ho,N,s,O,N,N,D,N,g,4aglyB2omma> riq+t $BuDn^$ cou'D a,w)hnlan,#
1936292079,A$ASQv`:[AAkAAVA,,2129008971,,5.7863512E7,63775152,8PS$O,z,N,6,],z,N,O,M,:arl%<cRmmA&gri9htS4'ur2;>Zcr#l\ 3,#nknowM,N
1741745932,;a*AA|OBq'AsXA=^,1631300345,1334735539,,,758823777,oug-t,Z,N,N,},N,N,B,D,Earl)ZIWmmV>xrigjt 7o<]s!s }+ulmV0,ynmaUi[,N
1214562422,A+jAAeAAB-A1InHA,1137145274,2450399.0,617333197,1.55511936E9,35028407,$Qght,N,N,/,N,Z,z,,G,,,p
754545604,:A@1keA[6AtAF&AA,1090202557,749567882,836938275,3.0929424E8,488015287,*ug>:,I,N,N,N,A,.,N,o,Ea+ly<comma> ria]x}cPOrse;tc@uld)a,anknown,Y
2030031320,.AoZAAAAZAkYV:AA,15328834,137458881,395125045,5.22310656E8,903941470,&>g;t,X,',N,N,1,N,T,N,zPrxyqrozPZ> righi "ourJHs !oYldVR,?nknowr,b
1064235323,,156346602,20424234,1472036961,1.440912E8,1182503304,,!,C,N,a,@,T,F,N,Early<co-maR~rig$t moW)ses coFld p,Unk=?wn,q
1131993807,AAAAyojA@uqeArA:,1677178279,160353878,177244712,2.0332041E9,754540876,LuGEt,N,N,N,s,N,k,b,N,Ea'ly<c'mK{>\ru>ht to3r&es coul8 k,U`kUow`,:
1331244031,7AAAAAqkKm3AQAUA,1482891606,1831632175,1537455209,5.8467552E8,195337716,ought,N,y,,N,N,N,N,A,EOrly<'bm%a$ night c]_=szs`0r>Xd a,UnkGown,%
1596320249,|AA^tAA@BoArAAAA,888325632,558671505,711267000,2.1192272E7,1533220944,o}ght,E,N,N,n,N,N,W,N,E<]ly<commtnJri9htPcQXrs5s koadw /,]nVn`nn,N
294684606,6AkAKAAA;#"R4uAA,625589902,207622831,697521149,2.06072038E9,693826443,o&gIk,4,|,A,,d,=,N,O,EHrKy<9'mma> apgh3 0JuNpes?^PuY_:a,Knk4o>n,N
496212854,`AqqA\AA-AA.A~AW,975287818,609295724,578226118,2.11397939E9,1162198170,o8ght,p,N,N,N,N,N,N,q,Ea@l%<cJ'mQ> Ee"<t co`Pshs Po_+dga,UwGno!n,N
2132804985,AHDaAAA:~XqARAAA,936878072,,1005729328,5.9561928E7,1239157372,ouRT6,N,N,:,N,N,X,N,&,Ea|yy<Zo\mIlJrigD" (oudses YTPLd a,Upknown,u
1699527725,bAWhAAAl$AAAAM'@,1675549610,885785946,600414137,6731209.0,1565815655,o-gnt,N,v,N,N,k,w,N,N,Ea?L~<commN>)mig_[*Wou4^x= cH!3cuP,Unk!oCn,x
1816031263,WAbKAA$%BAAAAA(],2072892901,2450399.0,,1.18970227E9,941480759,4ug/t,q,w,P,N,N,N,N,N,Warly<cTmma> 8j<=t"zVprsis co^l3 a,1nkTow[,Y
1454903063,AAAAAAAABAAAAAAA,1122747835,2070078597,,2.78186976E8,1716071385,TugE),,N,F,N,N,m,,N,tarrJjctmva$Dr{<{D[@pu:sYszcosodtO,UeM=d@n,
1615822418,8AtAACAABVAmAA~A,484429533,548977246,,2.05597901E9,572447895,a$g7t,N,N,N,N,N,Z,@,1,saZl<?-omm{-h`ighq c'urse0 Cou1dbE,Ug}n}wn,N
417067954,AzAAAbuABA*.+sJJ,829134950,265105091,122529469,5.691479E8,920273554,oaUjz,[,N,~,`,N,S,N,1,ELrl<<cooma2 righ6 cIcr7w'tc5u"dya,:nv\oen,N
42918371,ATAAAAhA1OAAA2+p,529646730,1464316018,746398747,1.84256243E9,828798390,ougs_,N,B,U,N,g,N,N,,Early<comma> right courses could a,U\tnoK;,W
2044027346,YAw<AAAX^%/Ak1AB,879985437,604089121,299587927,1.49932992E9,1.0,o@Kho,n,N,J,N,N,F,N,(,ETrgyIcuG+D> r`Dht`-ogfJ}s JV$Xd a,Un?noK),1
1909540436,A:/@#AAABAAuAAAA,810019298,1143639204,1914273824,7.387312E8,66187018,V^gr{,E,N,G,N,N,N,N,N,Ea0*y<cwm!$> ri/$t cwuqOes 5ouP*)a,Rh0u'wn,
,"$AA$pu.dA(AH?AA,677733198,793983909,57608200,7.278352E8,18707219,oug(;,N,[,9,N,Z,-,F,N,%a=]x<Zommg> rfg\tscbu~Hes co9O] a,Unknown,N
1324147535,RxpAABAABA}$A0"A,1441225388,868851527,1751396832,9.9682733E8,1812332814,ouX:t,N,N,Z,$,l,(,N,N,,,N
472657613,ABA:A`6ACzAAqdAA,2019483147,1518231787,630925650,4.24263296E8,1678506525,Zugw1,N,N,N,N,Y,N,N,,m!%fy<Uomma>Nr{CmuLco.(seM ^oul0 },dnin$Wn,N
287010905,AFAeQyATB=AI1AA\,84529033,643523118,257494497,1.89459558E9,1272400433,*u?GP,N,F,A,N,N,N,N,N,,U*kL4}F,N
169991407,AAAAA'_nBrAAA;A9,1861634461,1323663035,1352920135,7.6922227E8,168915340,ought,y,R,N,',N,_,f,,EBhlyp4omm_>9rigXt+co4gs5sXBqujdsa,UnWncxn,r
1347399,$%)AA'C7BAAu/A/A,1495981661,1400431793,1833038197,1.60132019E9,1.0,ouHhB,N,N,P,N,?,},N,T,Early<_o<gT( Fi$h8 cJurnUs%cohld;L,Unkno(n,^
2038995741,AA*AA5AVB#AyAAH#,1772504612,200413966,959603390,1.20173536E8,904348901,8tTCs,N,S,y,W,N,[,N,>,EarlN<com#a>@=i3__wc{LDxe!?"oul8Au,Gnk1o$n,d
1894310285,1AA'AA.ABGA-LAAk,1265052604,1782221501,714468285,4.14564832E8,975344736,ought,N,N,N,N,I,N,W,N,Early<comma> right courses could a,U-kp3wi,I
462413344,xAwAAAhACHA~tuA_,1296453151,2028454994,1863767004,7.9222522E8,1815826688,ough_,N,N,T,},_,N,_,6,EVfly<zzm9E> righlEcoaOses"tbulcK),EsFnow$,N
1455375634,A[AACAAAkAAAAAAA,2042525536,2042785972,1241629127,5.2473232E8,1702513095,nuJht,N,N,N,l,k,N,N,D,EprZvTcSama> E|ght cWuOse^3{oSlT2o,,{
823272131,AAAAAA={Bb:xZAAA,134964342,852674509,903487174,1.97531187E9,2062299324,Ru8P@,X,\,N,N,N,?,],N,E>r4M<co1mW> rig{!;couvKesXs`Lldl_,*$FU*wp,y
1944690504,{A0Y8t2A?Avd=NZf,1226146814,1414208387,1867620612,1.06490022E9,1997015740,?ughr,N,N,1,N,(,,N,),EGRjyoZPam?@.r7ght RUur/es /9uFasj,0sk*+w4,J
823043351,AdAAAA3ABAA~~An",1417156603,892864616,1291210821,5.4099776E8,574836475,o}g+t,N,N,N,*,N,a,N,^,Ed/LydcnpN)>\!>.h(Fxzu4s0s/c5u1. a,^nkn_wn,N
848158012,!H]AAAAABAAAAAA=,186851694,1212088207,155463163,3.72726176E8,1065724301,oGg[t,-,k,,3,{,N,N,*,E/rlySn#R|]M r%E\0 cGurhe]7v6ul< q,U?knOw3,h
1.0,VAXAMA!83A1?AyjA,,598676244,417365020,3.53319808E8,1.0,ou?h^,0,N,N,N,N,N,N,N,{aCly?O&<mb> uR;h]-cor)B:5&/}*hhJa,UT*!)wK,N
863371199,A=3Ag.AZB*AtALUA,1260349440,892235035,960672792,5.291576E8,1819312161,P-ghL,N,N,N,N,N,H,A,N,dat&u<c)m1a> ripht DourlJs UorlU a,Unknown,N
196925869,0WAB-L\25AHAA`mA,705796158,1822747896,233979798,1.20041037E9,1030871252,ou1Yt,N,d,N,",F,~,N,N,~aAdy!<>mm3> r^tQt ioTfJe_ c\sld a,Unk>m]p,N
1547772582,AxAmNA"A-AAzAqA6,1978319497,165557336,601461842,3.00004416E8,922554155,oug6t,+,N,N,c,s,?,N,g,@nr&|mco4m{eFrigdt cobrs8s4}ouXd a,U7QneR6,N
580761523,%A`SDUAA6MA"AAAA,1232895184,708781026,679632863,1.378216E8,,NughY,N,$,N,b,N,N,N,N,kbrb4<#(7ra_%Tifht co``ses/WouldNa,~nu5oX',N
1613036060,AAa!&D`AU1B)-".[,1046838677,1976138528,1444411936,1.18824896E8,1280500469,oug8>,L,N,C,N,2,N,N,N,h2rl<<)om;a> wiBht-c9uy.esEcju%d a,8PUn3wn,G
1006625689,AJAm:A@)1b.;AAAA,656183575,1546707371,865205987,5.4411712E8,1271826988,oughL,),N,Z,,w,',N,K,EsNkWh4AWmaG ~i^G_ ?ouLsjC cG^?dJN,U^[["w%,$
59725960,AA7A8A)ABAA/AAAA,363041263,1623203989,315139886,4.03270176E8,787399031,^|@hQ,N,N,N,O,N,N,N,N,VL5lyeVo%V+> )iChtQcHli|Ks c_ulD Z,Unknown,N
1995805200,CArZ/UAABAAufAA5,36229002,1629145641,1335329127,1.78462938E9,831211308,N=g"t,t,N,[,N,,,<,N,EJrly<c]mmI>XrigXt coursesFc;kld a,UbkuOwn,O
572170816,_tAAAAdAC1A0;?AM,521809051,2146083238,1948018922,1.40511782E9,1426027460,\urho,!,N,c,},9,N,N,4,E_/s26comm'> ypg\SRZJ=rsrsBKoul= H,unknHwp,N
1416164753,AA4eA=rABc.AAAAA,272648614,1027795824,346958766,1.17338355E9,,ought,O,N,:,N,N,4,N,N,Earis)comm:f ri0]t +Euhc8Gccv4ld ?,wnk@3wD,N
527528116,Aw!d@AYATWvA:AAX,569815590,143490568,1989245075,3.32773664E8,,odgRm,N,N,M,d,\,N,N,w,Zar@O<Yomma[frHSht DoRrseK A&0l_ 3,5nh.owb,#
556965856,yAI5AAAAd}AAA\$A,729678171,1952200507,2091765770,4.75232224E8,,ought,G,/,N,%,N,_,`,d,msr-D<c7mia0/rix#t c$ursHsRcoLVuza,tlkHoYO,@
1508690101,AAqA^A&`twAAA2AA,908871443,850102442,1530749307,2.13673306E9,210923507,\ugh#,~,N~R,`,N,9,=,N,!Wr9=~GompaEhri=:n courK[Dicou*d Z,M3+niwj,R
1206300528,A0AP'A[A2AAAy\AA,715958158,1407369344,486000159,1.80025024E8,833401537,oug!*,,N,N,1,,N,N,H,,Ppkio5&,&
2049212614,$AAAA&AABAq5.AAA,793546152,819919847,888155183,2.00956634E9,1815992725,;ugh6,\,z,N,u,t,N,,N,gNrlyUcim&a6 ri[h+^cC|rsed-V=ulvkO,UsHnvw=,
570091024,}vAAA|AhBAzA!~EA,,2450399.0,1911345374,1.37714406E9,160567794,ought,N,N,/,P,N,N,K,,E1rl0mhomma> piiMV]+o"pses7c=u@: a,<+KnoR>,H
1023626048,mJAAAAA-)FAAAAAu,,2450399.0,1975701607,1.93220186E9,1628998844,ought,N,N,],N,N,N,,N,EHrlyq&'Fma>Z^5g!{lFfurDl~ <7uNd a,29kD;cn,N
798480058,6AAAAlA|BuA="AG_,1797448149,898225300,176916085,1.66193126E9,,wught,N,R,N,N,W,',2,y,0arly-#omma>E&7Sxe0fO1rsep crCw\Za,Unkn}8n,N
1533165768,KNZAAAAABA|u=AmA,360978912,480810526,1989803401,1.33915098E9,1747236052,odqht,d,7,0,N,N,N,N,N,Eatly<comm>> riPnA\cbursetLco`?d/a,*A^gown,.
128322890,AAU0AvA^$AAAAAAA,1917077316,1905923010,1502752295,2.09408115E9,244457625,a<Qht,N,N,n,C,{,V,N,8,Larl*<cv]ma>*li^RSrck8r/*s ?hPl3Xa,Unknown,N
476496731,AI7}AAZDBAAAA'S),1250848982,668390681,945610110,1.62352218E9,575253027,>hgjD,M,N,N,<,1,N,},P,EPrlyFHon"a>:Pig=S GsASx5Igcoal]YM,Un`n}wH,N
311998104,AA\nA)G&@EAAAAK;,1956581156,196163142,1631889688,5.8434048E8,534172510,1ught,N,n,N,Q,G,N,Z,H,,U?kno1n,w
817157790,AAApAAg=BAS8AAjA,105977650,1739982752,2098133869,8.0678579E8,926988649,ought,N,.,N,\,N,N,N,B,,UGunoAn,N
679885353,A])AfUhAnyOQAA"A,294499831,48884234,180485511,1.28864422E9,295860911,oug/l,N,#,N,N,N,N,N,N,<\rRv=fox4av&riTh% couhseB cSFl/TN,wHkpo9',t
2143652131,xTAAAA*ATAAAAAAA,1023702756,1557150259,527040449,9.694857E8,506508033,i(gJv,N,,N,_,N,Q,N,?,Nardy<-Qo4cNRrJghF co_`mes gould:!,UXkt3wn,'
599711681,AAA-AAq8BADAtAAG,1208586850,,725110682,2.06103347E9,1651833142,Uughk,d,N,N,N,N,N,N,~,2;r/y<comIau _u24J0so)rs2PScouldbQ,U6kn4>',(
1495035040,@XAAA9O>N&AA8AAf,1637499729,7371775,1267220929,2.03631194E9,1286019103,o<nzt,N,N,N,,,N,],N,Early<c;/xR>$XRNhk;c\u!Nes"M4Xld}a,N5knmXn,N
1089864427,=B~!ANQAB;AAAzAA,1790088150,1687972506,2071729916,1.39484512E8,240816288,oyg}s,F,Q,+,x,;,N,N,N,Ea_B"<snYm*U rzc8t 41urses!couldyG,3wky|wn,N
1112616093,&AuA/>%*BAA\)iA$,1881503860,337937518,485665547,1.24214298E9,1957673259,ough<,N,|,S,`,N,4,n,N,tWrly+eommB( xig{t8couill[9could V,U-&n;?n,N
1338335845,,675554192,1376399229,2076740092,1.7109248E9,798523254,o0Tht,N,N,N,N,N,N,N,c,axrl#?ckmma[ rigZt$@os#ses_5u~*4f:,UnW|ow\,N
856022429,AcAMAAA>BQXAAAA%,1024478838,837129781,1484537579,9.8947648E8,887561069,ou$xt,$,-,N,N,N,N,N,N,d'rlf<cA*ma% riDht$cOu%pec)coula a,*n|'own,N
1147552578,xyAAAG*{BA{A`AAA,1918328804,1027481929,,1.8653815E9,1350397935,oe(ht,N,N,,N,N,],N,N,Eaz@y-coUsw)br`Hht uo`rseL'TUuNd;7,;xXnown,5
999130281,{>AAMAAAe[ACA`AM,266011925,515913664,118126591,1.73624448E8,1288158874,b:7#v,N,0,N,N,R,N,#,P,*Zrl8<:omUoJdNzMYa courseM4ooGl+ G,'n')oAt,N
1.0,A?AAAoG]jhOAIAYA,2036565721,1575581617,1131901932,1.37823578E9,131266117,[p3ht,N,i,.,s,N,|,:,N,Ea'3y<7om*^Vy6bg"t ko#r[LE^cG[lrma,bnknzvr,N
387003919,*GXzA*AL~AAARAAA,557825082,988615770,1869527474,8.3808115E8,1428478356,f+thB,N,;,,N,N,l,U,Q,,Vnk.&wn,&
1323392896,-A3A6AhABMbAv)HA,1824633014,1197933326,927730819,,625363201,oagi_,N,N,^,N,D,N,a,N,narly<inima> Qdnht+cCPrb1a:%ouWV T,Unkpown,|
923144534,AAAAA`A7BA?AAAAA,1529143333,898723989,1218957346,1.69315034E9,857124664,o[g=t,N,N,N,N,^,I,,N,Early<comma> right courses could a,UnmmoXn,I
675673727,^{AAAAAAT-*AACcx,833608493,765134038,2065730726,,602157946,ox9ht,f,N,N,d,o,T,N,8,E7ENK@%ommD> hi_rt coursc=OVonld e,Unkn5wn,~
52661066,Q+XA/AADBAAkAgAe,847437236,1803391472,,2.9785204E7,2079002112,24ght,b,N,N,X,F,N,N,Z,ddr:y<cRmma: aFrhtp7eu$seT w'9lD a,94snuwn,G
302595115,AHA-+A3ABUAAAPRk,1960469629,485354575,1740668973,4.16028256E8,1365859553,augTt,R,r,N,N,N,N,N,N,,vnknI1n,f
1403047665,AAAAAAAABAAAAAAA,-2145049845,873536816,1436434749,3.69481696E8,595735576,ou?~t,[,N,N,:,H,N,N,N,E=rly<RoRz{F ^ighP@cou|sesoyoU{:la,UnkFoIn,r
1747024880,AUAAoAAyBAAJAAoA,2034027596,1279592151,598730749,6.7907464E7,697976183,,E,N,R,N,g,o,[,N,E#rlf<UoRma> rigE% Bounge'yco`l8iH,78en187,N
1200665324,AA&A2AD4^A(OAAA{,181077293,1372294843,723960267,,1402820810,ouNhx,N,N,>,N,N,y,N,),marxa<K(mma$OPi;\t%:xursKd (IMl> a,Unk^own,N
2050291035,AAYyAmF(BiDAAIOA,1044425147,1042132234,719915029,1.51206784E9,654437387,1ugb[,N,',N,N,!,N,M,N,E`rlD<0Y9Sac rKiB6 cVF5ses could/k,'%EnoJ$,/
1525635415,wA&KeiA7B(AMA96A,2007009949,587863485,687111807,1.71200934E9,1272717947,ou0Zg,N,N,A,:,N,N,=,r,Earlv(cnmiUq r[ghF}n8u>eEs:ZGRld 3,lUkHown,N
2110915063,AAaALAwxBAAM`}aA,476481530,172550390,669541864,2.04480589E9,1217377217,*D?ht,s,N,N,o,N,N,N,,xaz~8<>oBmaa righL cPu)seS.cNuld a,UrVkoZn,;
1021657127,AzuAuABA<ALA#yYA,227680344,492818318,,6.8421709E8,32827934,1ugCr,r,d,N,L,N,b,N,N,0{rly#;LmmF> rVFXt cou!<Msxc)R$<Na,`nkwo`o,N
,A[A?vk'A+GAAApAU,1278122464,1252002381,703065934,1.62988954E9,108723712,oBgct,,h,J,N,D,z,N,=,Ea3ly<oo&ma> rYGhUvczuWTe5 codld |,U=/aozX,N
861098026,AakAAACO{AAAAjAA,,728121132,706280223,1.24448064E9,216373792,o]g=t,,N,N,L,N,O,N,j,EaM=y<comGa>_{ight cours)s cZMl`J`,Unk^od!,5
,1vAfNAA9&(A.(Ep;,497238121,1934586455,1319603112,1.25297715E9,485412974,q6ght,,N,N,N,N,N,N,N,wa&ly<=&bm7> righF LoLrHe{ coflc5a,4nhW8wn,N
779538676,AQrAAAy9BAAAAA@K,1867218843,1621925301,621881698,4.60915392E8,1070943578,ought,N,N,N,,N,f,N,=,xaYvyLvom_%>pri+5t]c)Ncse| VaDld a,U]UK2!n,U
895484883,-YAbAH`A"AAAAgAA,2061681623,1898537413,1372124548,1.79081568E8,1619249793,6Fg0t,p,N,N,N,U,n,N,5,'SglvWc&{ma> rBg'th$ZuSse0^c'upd3e,MTkcjwn,N
1961891430,AKxXA9ABBAeN~A?k,634184368,981648529,1245852640,1.27733197E9,650083112,2pzXt,f,N,9,<,5,?,N,Z,CqrlypcomZ8>3r">htPco1cs*sychulqUz,,G
1342919865,bAApAlAAQAxAAMAA,566663921,1290798759,907005965,2.55419712E8,709346809,o;[h?,,p,I,N,,N,N,,E+rlyPyoxmS7 ri;h&v)O.rs^F)TWuld:W,x\*now.,N
1266092482,UA46Ay"DBAANAzYY,1674731387,84217113,330871009,1.40533978E9,886743860,ouuhJ,0,N,Y,*,$,d,Z,m,E^rlj<c"1ma>U%ii%_ c3LrIe)S8Puld n,UnkioRn,N
46305151,,402048448,2019192144,338875467,1.75303578E9,1346442239,,N,G,i,8,/,P,N,O,Early<HoFmm> ^igBt couVsus coulN.a,}nV<oXf,i
1179945252,y1QABsAWz)bAAARZ,1853267775,2003427782,1554059947,2.7246224E8,1570523623,Hu^h%,,N,N,N,N,T,N,4,Early2c:V_a> 9i7:tEHo7rsec co'l_ a,M#(Mo4n,/
131989201,AnAgOAAAXAAJC&$A,1798405090,1912451451,288531783,1.2668585E9,1623871213,I^gq-,N,U,N,N,N,,*,N,Eab5y}com|>j |`fhM #oursJs cohT=Vz,UyknoXn,v
680196482~AAa?AAAAB&%NAqA=,295184463,511617721,1401774064,1.07206419E9,2020926445,ought,N,N,,O,V,/,,N,LyVlf<G$mR]> ri"1tzKobMseG @suld<a,U'knowF,]
339113559,,1427593859,1508805968,601224585,2.06252608E9,1452413124,ou[hT,N,a,*,Z,N,9,",9,E:rVv<c;mma>FGizh4 c/jryn4CEouldaN,Un%town,Q
735969655,ArAYAAtJhAAZrA$p,932940937,,1454808249,4.60479744E8,1237246057,6%K5t,",k,N,w,0,@,o,f,EB]lD;cgg#T>I6ig{t c\udseCO[kLqd:a,sn;n;on,#
112009075,AFkAAAOABnAAfaA},1248361958,1785366784,922828703,2.823416E8,145062884,ought,N,N,N,N,#,N,N,j,EaYly<HnOqaPLUig~vicoNrsimfc%>od :,UnkNoYn,>
2006938276,A8Z;A`AA(Q#$TnUA,1228426294,2062918992,10652361,5.19527968E8,,ou!hi,Z,N,U,N,N,N,N,N,Early<Uom!aUW=ight5|Turse9#.]u0dAE,,
385412045,U<AAAvAAQ#A|AAXA,1434400959,1297932370,978176682,1.09472486E9,1083458849,oA(eH,x,l,N,^,N,",N,N,Eatly<Pomma>`>BghzEp.8rosslm^u.m]-,Unk>oQn,N
1920285533,@2AAaA-ABAA=-|A~,369011764,47818849,205570903,2.74318304E8,1972799817,CSgh{,N,{,',,,E,?,a,$7*~qWroXm8>Jp;+ht 2ou@sK7r!<-Zd a,Unkk$wn,N
1698962917,V{3A0ArAhAAAcfGA,1327001395,1968423457,2067250092,2.0457632E9,1875751750,O'TQ_,S,N,N,0,Y,N,N,N,,U%k-o2Y,g
1321112496,OAFA9+AANHg:F^8|,2127122245,1921029237,912805853,2.10529882E9,1489115234,^s-ht,N,T,7,f,3,N,H,B,dar&!:ccmm_> rIgh5B'aZrs6`6coVgd @,;nkno{I,^
481992448,Ek\A7lAAF&LTAAEA,1506029678,1684332926,,1.35985805E9,,muUDF~h,N,N,E,k,N,,N,EprlN@Somba> rd=htYi'urseG@co3(X^a,Xzgnown,R
1682756964,AUJygvEbBA`AAAO1,2131010690,1433191379,574012366,6.2261261E8,1934763187,AlO.t,%,r,t,N,R,,E,/,E/~@y<{Yb]ak \9ght\cKu\K5;YF&^lKZa,|nknogn,5
358575201,d}A*AUAl0AAQezD^,1887410382,101700088,563203359,2.01451123E9,2095499463,,%,N,3,(,N,k,],0,Ea>l|;nom>a:xrcghW>c[@rsN( c<u@d a,,L
1635599766,AA]ASFQIBABhl4dA,547537349,44924489,1473995477,8.2728762E8,1186227395,ov?Dt,N,N,N,<,K,W,N,N,ja\ly<c;5gws t;gmt courseF"could'a,Unk(onn,K
1508399628,c5A#AAgA-/AAAIA0,518842586,133134844,1344720079,3.5952512E8,1146276818,ougk8,1,e,N,-,N,),N,N,w%r!y5c}mmyf piej/ 3?ur6[/ cRul? a,U~kn6wn,N
540512170,AqAA_#Q\;#OvA$]A,1581830386,570073650,322749457,2.05522522E9,1749921707,quBRt,Z,/,N,N,N,:,\,N,=v<I7ZH`|?/F righ`RoB:8sa| c^uld(X,U(kwown,2
1765741015,AAzjAA[ABA1{VAV&,1965060360,494752599,1681732882,4.28606912E8,1538158046,o9get,N,N,U,N,D,C,N,6,Earay4F9Gm0>Prigh3 e8dra"s go~6O a,U|8nowY,N
,|AdV#[6ABwA1oAA',1059370103,782538432,1930399240,2.44690688E8,1628811787,!ugVh,+,N,v,N,N,@,N,5,a{<pX6co5m3> rightE[o^raeNq>ouldna,jnknowa,N
,ABAA5A<f_AAUAAA`,1650127441,1482496936,1244746954,1.44852723E9,1524319775,ougyF,#,N,N,X,,N,N,s,,UG!VGwn,N
1134580721,LuAdAAkyBAAAwAA&,590380718,1567494573,814312874,6.8444237E8,156328605,*j?ht,N,N,N,L,N,N,,],,$u/~uw1,^
1207634738,AEVeAAZABZAA#"AA,759419741,922500176,1611101285,1.70540928E8,156059256,osgMt,N,#,N,,#,f,N,x,Va~lC<D~Pm5KPrz~19 |o!rfes+coul& 0,Unknown,-
157916524,AAANZ}AuIAAAAAAE,762976629,497395629,1055291261,,122112251,oGhhA,',N,,N,N,N,N,N,>ar/L<"ommt>arVyho coKuyNsC?3ulQ a,Unknown,N
591708998,7>A=AAiA/I`A0AUA,,741258759,2111094414,2.02637005E9,1798521853,Lb"ht,N,O,9,N,%,N,k,U,EB9l(;e~mVt> rivht cxRrDes\^mul'u$,Tnr)>#n,N
1634809536,hAA%6AqAAAAANA-A,1665968288,380761125,463684529,1.64600371E9,1076833736,ougVP,3,&,N,N,N,e,N,b,>arNy<Ro!5l> EiJhAc5|urs(s =R/dd9a,Unktown,N
722060704,AGAAbg#>BsaAvAnI,1118027632,1537256601,84324885,1.43204582E9,314606975,ae>Rd,&,N,N,,1,1,d,N,E%r}y|>o`ma>>rA~{+KcohDO|X {oZ_fsa,inunown,R
,AyreASA34AQ3AA.A,2029606219,849907543,1070838881,1.80996019E9,2379848,SLShB,N,N,N,#,N,E,N,V,Larlw%t.mma5 righttcoo'kesxyoCPD 3,Unknown,N
1884496814,ACA?#AJAzAuAAAqA,500246191,421745717,8552.0,3.51162464E8,342643104,ought,c,+,`,N,t,N,N,7,E^7lU|co%na>HriNlt}co$:Rem UWWlH a,,K
180301147,AeAAAAAAB(AAA_iZ,862429328,944455000,219612727,1000,159496989,ou=ht,N,N,N,N,t,N,N,N,Ea2W_kOoemAOxrigC51ciurleZ?cou(FSD,Unknown,N
228516567,UMAA^AAY{AAAA6AA,489857202,294051899,2134936569,5.8197357E8,900909403,oQgSe,N,z,e,x,N,H,>,N,Zarlf<cXmmU} fi'h"xBo@:sCpLqo"jd a,Unk#ow|,N
791087313,A@;AyAAf[tAAA{AA,,2043620230,,4.88402144E8,203506399,o_goQ,N,N,N,S,N,,N,z,&ar!y<Qo;Qa> rrght >our:es-cetl& a,Unkn89B,N
1395308466,AxAAAAAoviAWA]Sf,912787734,736886473,1825606106,1.84973402E9,648584851,(G)ht,N,N,^,=,G,N,r,N,EVr6y<Mo[va" xi%htdcom[ges2QouEd `,,8
475923813,AAAAtAGBrAL-A^-A,1507760494,44706351,1242541834,1.2657636E8,1618579071,ought,+,N,N,N,N,c,t,>,Early&<oY)a> c!lhv $ourseX}couMy|z,^Mknywn,W
1458690907,Au?eM+q.B_^s=AAg,,1687135379,1296426193,2.0771008E9,198084769,>ukpt,N,#,N,N,N,N,x,T,E`CUy<com7a>pHWAhR couAse< c}ulp .,{nkxo*n,d
1566154609,AOAvAcAAB@fA4A-q,1202652914,1709317876,1045138223,2.7278208E8,2125596543,o*:ht,N,,a,V,N,N,],j,EarlxEco\ma1 B3ghB _oI1fev couAh a,Unkn^wn,N
730939205~A*3/AAqlnAAEcAAA,2068870222,1602614359,960189890,7.9721613E8,8383343,xuFk2,N,N,N,N,N,1,j,N,;>:ly<zomm9b|rigmC touMfX-mkould!J,Un.noXf,N
39747183,93AAwA+ABA(AAAEA,1878568798,1732346849,2084039775,,252492339,uug2c,N,N,",k,;,N,=,N,:arlV(cos>a>zrbdItI6our[}s[co@lW x,{nBno]#,=
1274150838,mAAAAeASBtmD?~AA,1003505775,,1667743035,8.5348064E8,718521958,oU8h@,N,N,^,h,o,N,N,p,Earl3<sojmsj_riI7tpGou-ses could 5,iskno.Q,N
1260863672,ABtdIAAlBApAAAAN,919971480,1566430299,,1.85745267E9,1018695237,)uU&t,u,N,N,B,N,N,d,%,Ea$l=<7Pmkg:Rri&ht J7-_sis co2l:|a,Enkn0j-,|
1980395285,A`AA0A\YQA.AAADA,1679786126,1130920551,788300419,7.5732774E8,2036201760,ouN_O,N,L,B,R,z,',N,N,`rrly<c#mZh> %zght c]urse7 cDuldla,UO[nowt,N
1.0,sAFAAAALBAAAAAAo,121957095,1983288142,994756985,2.11396045E9,2088023223,oug&M,N,N,?,N,H,v,N,N,da`l2vcbmm!{ $3gAf`'$d<<Us:coulR ^,Utsnw'n,#
1363372084,HA8A7qW"U^tAAzAM,1619453344,470100226,413737436,1.22939046E9,1868757664,oK96',e,N,N,N,_,N,N,N,-ar.y<cGmtGrWzightvcNur/[Uj*=]laLv,H9kno_n,D
1042157617,A\0$T:#AtOA|#oAA,1322067655,94638602,1109888685,1.91288026E9,1849224474,ough0,|,n,`,`,N,N,N,N,=arly<C4Mm!+ NightVvoj)XeC7cduEdIl,in7H{_?,n
1390622079,*FAZAAKA@AABAAA5,,1110249887,1276658925,4.76757024E8,1030417742,oUgI0,N,N,4,N,2,K,/,0,E3rPy<*/O2a>/r5ghG poFMyes\couldda,wncnowp,N
595774814,=ZAAs>AAWA\AEGAA,2114730062,1911363095,1510744438,8.3588358E8,314464463,)ug#t,N,{,N,N,N,N,N,N,EaTlW\c:i*Z> r\gh:oPJuj>rs c=ald a,yjkxNT=,N
141259190,A=\=AA^A4rr@kAvo,278513325,1574279986,1848748757,1.36042893E9,401785378,qugh7,,~,@,(,,N,N,z,EaLsO<Momma)Rrig|t u&uz|)_ cou|d a,JnVYnwn,N
1779744479,'AAmA<AX=A/zAAAh,1853145097,336237214,1571560768,1.6742832E8,1641177237,oxghR,N,N,E,C,p,d,Y,N,EarwX<]_fOaA q\!(bn.oq|)esncoEld@a,UnknZw&,r
276256448,AAAAA\AABAA3ADAA,890303941,1236801360,733606782,1.24116557E9,,o:.Vt,N,N,,N,N,f,N,r,E>}ly<#o;0.Q"riOh~ EXurs#spcouR!fO,UnjCLS8,N
901437548,$AAAAAAABAAAAAAu,2027898213,295533860,1585433341,4.59902592E8,668300906,oGgq),i,N,),B,N,b,N,c,Ja[au<cXSma> _iNhr ]our(JP couldea,sbJ%oK/,$
860223501,AAAAAAAABAAAAAAA,10240134,1570266911,189619113,1.55818598E9,1172232844,ought,e,N,z,N,N,N,N,N,GarZ7<@om|a#v(Cghtdb$"+s1_ #ojWd T,5(knorU,G
1441703324,jAAAV>AAkWCs0WAA,576114223,1902982551,548249112,7.2963366E8,959689093,8RgN1,N,G,M,K,N,K,a,8,Aqr/*+cs~_8> reg|tW8qutOj&mnou%wjd,Unknown,N
848239417,AA*<[nAfB|AAAAAA,1715873637,638649862,350606689,6.2239622E8,235818192,oZphq,N,N,K,N,N,V,N,C,EarlzyZomm}> r%|Dtykodrses co{lVIe,%nPChwe,N
2143243723,AAWGA6g{7AA$AAkL,550108486,1914363790,1356164850,1.85311936E8,172436373,!5guH,r,5,J,9,;,_,j,N,EaJ'y<[[mma>(:i!hN|&o>"&eN <o1c49a,an$noKn,b
294568182,AQAg5gRABAQAA_AA,238653862,626978936,927877372,1.94082355E9,167926121,oY`ht,N,a,N,N,N,.,5,a,!4r1eZ7o\D|> rigQt _{VZs6. Co'Qd 7,Unknmw^,